Brand,Name,Model,Style,DPI,Buttons,Connection,Color,Rating,Reviews,Price
CORSAIR,HARPOON,CH-9311011-NA,Claw,10000,6,Wireless,Black,4.0,83,49.99
UTECHSMART,Venus,US-D16400-GM,,16400,19,Wired,Black,4.0,242,29.99
SADES,,,Palm,3200,6,Wired,Pink,4.0,4,18.49
AULA,Wired Gaming Mouse,F805,,6400,7,Wired,Black,4.0,2,14.99
RAZER,DeathAdder Elite,RZ01-02010100-R3U1,,16000,7,Wired,Black,4.0,642,30.99
RAZER,Razer DeathAdder Optical PC Gaming Mouse,DeathAdder,,3500,5,Wired,Black/Blue,4.0,14,25.96
MSI,Clutch GM20 ELITE,S12-0400D00-C54,,6400,6,Wired,Black,5.0,1,39.99
CORSAIR,NIGHTSWORD RGB,CH-9306011-NA,,18000,8,Wired,Black,4.0,11,77.99
ASUS,ROG Gladius II Aura,90MP00R0-B0UA00,Multiple,12000,7,Wired,Black,4.0,156,55.99
ASUS,ROG Chakram Core,90MP01T0-BMUA00,Multiple,16000,9,Wired,Black,,0,96.78
RAJFOO,Mad scorpion,X6,Multiple,3200,6,Wired,Black,,0,18.99
LUOM,X5,X5,Multiple,3200,6,Wired,Black,,0,13.99
LOGITECH,G403 Prodigy,910-004797,Multiple,12000,6,Wireless,Black,,0,199.99
ROCCAT,Kone AIMO,ROC-11-815-GY,,12000,12,Wired,Gray,5.0,7,124.0
,,,,2400,6,Wireless,Black,,0,14.99
ASUS,P504 ROG GLADIUS II ORIGIN COD,90MP00U2-B0AA00,,12000,6,Wired,Black,3.0,2,95.99
CORSAIR,M65 PRO RGB FPS,CH-9300011-NA,,12000,8,Wired,Black,4.0,200,78.39
COOLER MASTER,MM830 Gaming Mouse,MM-830-GKOF1-US,Multiple,24000,8,Wired,Black,4.0,54,68.95
CORSAIR,GLAIVE RGB,CH-9302011-NA,Palm,16000,6,Wired,Black,4.0,91,104.98
LOGITECH,G403 Prodigy,910-004797,Multiple,12000,6,Wireless,Black,4.0,333,189.23
LOGITECH,G703,910-005638,,16000,6,Wireless,Black,4.0,145,84.98
CORSAIR,GLAIVE,CH-9302211-NA,Multiple,18000,7,Wired,Black,4.0,91,86.0
CORSAIR,GLAIVE RGB,CH-9302111-NA,Multiple,16000,6,Wired,Aluminum,4.0,91,95.0
UTECHSMART,,US-D16400,Multiple,16400,12,Wired,Black,5.0,4,29.99
LOGITECH,G502,910-004615,Fingertip,12000,11,Wired,Black,4.0,261,86.86
PATRIOT,Viper V570,PV570LUXWK,,12000,13,Wired,Black,4.0,18,57.31
CORSAIR,HARPOON RGB,CH-9301011-NA,,6000,6,Wired,Black,4.0,83,43.5
WICKED BUNNY,Rapid RGB,,Multiple,16000,,Wired,,5.0,1,54.99
LOGITECH,G600,910-002864,,8200,20,Wired,Black,4.0,315,55.75
RAZER,Razer Basilisk v2,RZ01-03160100-R3U1,,,11,Wired,No,4.0,642,92.76
GLORIOUS,Model O Minus,GOM-BLACK,Multiple,12000,6,Wired,Matte Black,4.0,21,78.99
NURBENN,,J800,Multiple,6400,12,Wired,Grey,5.0,2,26.99
ZELOTES,,,Multiple,3200,7,Wireless,Black,5.0,3,22.99
ZELOTES,,T60,Palm,7200,,Wired,Black/Red,4.0,54,18.99
,,,Multiple,7200,6,Wired,Black,4.0,29,16.99
RAZER,Mamba Tournament Edition Chroma,RZ01-01370100-R3U1,,16000,9,Wired,Black/Blue,4.0,642,49.99
COOLER MASTER,MasterMouse MM710,MM-710-WWOL1,Multiple,16000,6,Wired,Matte White,5.0,1,29.99
MSI,,Clutch GM11,,5000,6,Wired,Black,4.0,4,24.99
UTECHSMART,,Wirless Mouse,Multiple,16000,12,Wireless,Black,5.0,4,49.99
CORN ELECTRONICS,,HM-09,Palm,3200,6,Wired,Pink,5.0,1,17.99
CORSAIR,GLAIVE RGB PRO,CH-9302311-NA,,18000,7,Wired,Aluminum,4.0,91,76.99
YXWIN,,X400,Multiple,3200,11,Wired,Gray,5.0,7,24.99
MAD CATZ,R.A.T 4+,MR03MCAMBL00,,7200,9,Wired,Black,4.0,26,45.99
PATRIOT,Viper V570,PV570LUXWAK,Multiple,12000,13,Wired,Black,4.0,18,44.99
RAZER,BASILISK-Essential,,Multiple,6400,7,Wired,Black/Grey,4.0,642,36.96
MAD CATZ,R.A.T 8+,MR05DCAMBL00,,16000,11,Wired,Black,4.0,26,85.0
RAZER,Mamba Tournament Edition Chroma,RZ01-01370100-R3U1,,16000,9,Wired,Black,4.0,642,129.98
GLORIOUS,Model O Minus,GOM-GWHITE,Multiple,12000,6,Wired,Glossy White,4.0,21,81.99
MSI,INTERCEPTOR DS300,S12-0401290-D22,,8200,6,Wired,Black,4.0,81,55.65
UTECHSMART,Venus,US-D16400-GM,,16400,19,Wired,Black,4.0,242,49.99
GLORIOUS,Model D,GD-GBLACK,,12000,6,Wired,Glossy Black,5.0,3,81.99
GLORIOUS,Model D,GD-WHITE,,12000,6,Wired,Matte White,5.0,3,78.99
ROCCAT,Leadr,ROC-11-852,Multiple,12000,14,Wireless,Black,3.0,7,164.97
CORSAIR,IRONCLAW RGB,CH-9307011-NA,Palm,18000,7,Wired,Black,3.0,29,73.28
GLORIOUS,Model O,GO-GWHITE,Multiple,12000,6,Wired,Glossy White,4.0,2,88.99
LUOM,LUOM V5 Wired Gmae Mouse,V5,Palm,4000,6,Wired,White,5.0,6,14.99
GLORIOUS,Model D,GD-GWHITE,,12000,6,Wired,Glossy White,5.0,3,81.99
HYPERX,Pulsefire,HX-MC001A/AM,,3200,6,Wired,Black,5.0,2,39.99
CORSAIR,IRONCLAW,CH-9317011-NA,,18000,10,Wireless,Black,3.0,29,106.79
RAZER,NAGA Trinity,RZ01-02410100-R3U1,,16000,19,Wired,Black,3.0,1,103.49
DELUX,M700BU(3389),M700BU(3389),Claw,16000,7,Wired,Black,,0,29.99
,,,Palm,,,Wireless,Black,3.0,2,28.99
A-JAZZ,Ajazz  AJ52 Black Star Competitor Gaming Mouse,J52,Palm,2500,7,Wired,Black,5.0,4,34.99
TRITTON,TM200 Gaming Mouse,,Multiple,5000,6,Wired,Black,4.0,4,16.99
A-JAZZ,Ajazz  AJ52 Pink  Competitor Gaming Mouse,J52,Palm,2500,7,Wired,Pink,5.0,4,34.99
ASUS,ROG Strix Carry,90MP01B0-B0UA00,Multiple,7200,,Wireless,Black,5.0,1,69.77
CORSAIR,IRONCLAW RGB,CH-9307011-NA,Palm,18000,7,Wired,Black,,0,73.02
DELUX,M700BU(3325),M700BU(3325),Claw,10000,7,Wired,Black,,0,22.99
ZELOTES,,,Multiple,4000,12,Wired,Black,5.0,5,27.99
ZOWIE GEAR,S1,9H.N0GBB.A2E,Multiple,3200,5,Wired,Black,,0,69.99
SADES,,Axe,,10000,12,Wired,Black,5.0,1,29.99
ZOWIE GEAR,S2,9H.N0HBB.A2E,Multiple,3200,5,Wired,Black,,0,69.99
CORSAIR,M65 RGB ELITE,CH-9309011-NA,,18000,8,Wired,Black,,0,87.99
MAGECE,Magece G2,,Fingertip,3200,6,Wired,Blue,4.0,18,14.99
,,,,3600,8,Wireless,Black,,0,17.79
REDRAGON,M601 RGB,,Palm,7200,7,Wired,Black,4.0,19,23.95
VICABO,,,Fingertip,3200,6,Wired,Black,,0,8.99
RAZER,,RZ01-02710100-R3U1,,16000,7,Wireless,Black,2.0,1,69.99
STEELSERIES,RIVAL 650,62456,Multiple,12000,7,Wireless,Black,5.0,2,176.25
RAZER,,,,20000,11,,Black,5.0,1,169.99
LOGITECH,,G500,,5700,10,Wired,,,0,168.99
MAD CATZ,R.A.T 6+,MR04DCAMBL00,,12000,11,Wired,Black,4.0,26,51.74
RAZER,DeathAdder Elite,RZ01-02010100-R3U1,,16000,7,Wired,Glossy Black,4.0,642,89.99
RAZER,BASILISK,RZ01-02330100-R3U1,Multiple,16000,8,Wired,Black,4.0,642,98.0
,,,,,,Wired,Black/Red,,0,29.99
CORSAIR,DARK CORE RGB PRO,CH-9315411-NA,,1800,8,Wireless,,,0,99.99
GLORIOUS,Model O,GO-GBLACK,Multiple,12000,6,Wired,Glossy Black,3.0,2,82.31
CORSAIR,GLAIVE RGB,CH-9302111-NA,Multiple,16000,6,Wired,Aluminum,5.0,2,90.83
STEELSERIES,Rival 110,62466,Multiple,7200,6,Wired,Black,5.0,1,126.99
MIONIX,,Naos 3200,,3200,7,Wired,Black,4.0,138,165.99
ASUS,ROG Gladius II Origin PNK,90MP00U3-B0UA01,,12000,6,Wired,Pink,,0,99.99
STEELSERIES,Rival 500,62051,Multiple,,15,Wired,Black,,0,109.99
CORSAIR,HARPOON,CH-9311011-NA,,10000,6,Wireless,Black,,0,67.59
STEELSERIES,Rival,62271,,6500,,Wired,,4.0,72,213.0
GLORIOUS,Model O,GO-WHITE,Multiple,12000,6,Wired,Matte White,,0,109.94
GIGABYTE,AORUS M5,GM-AORUS M5,Multiple,16000,,Wired,Matte Black,4.0,3,74.99
STEELSERIES,,Rival 310 CS:GO Howl Edition,Palm,12000,6,Wired,,,0,59.99
LOGITECH,,910-005447,,4000,4,Wireless,Graphite,,0,115.19
STEELSERIES,Rival 300,62351,Multiple,6500,6,Wired,Black,4.0,66,107.99
MIONIX,Castor,MNX-01-26007-G,Multiple,5000,6,Wired,Ice Cream,,0,84.99
SOVAWIN,Gaming Wireless Mouse,,Multiple,1600,2,Wireless,Black,3.0,1,18.0
RAZER,,,,7200,5,Wireless,No,,0,66.0
SADES,,Scythe,Multiple,4000,7,,Black,,0,24.99
CORSAIR,Dark Core RGB SE,CH-9315311-NA,Palm,16000,9,Wireless,Black,3.0,39,128.33
MIONIX,Castor,MNX-01-26005-G,Multiple,5000,6,Wired,French Fries,,0,51.0
MIONIX,Castor,MNX-01-26008-G,Multiple,5000,6,Wired,Shark Fin,,0,84.99
SADES,Q7,92891,Palm,2400,6,Wired,,4.0,8,16.99
CORSAIR,M65 RGB ELITE,CH-9309011-NA,,18000,9,Wired,Black,,0,79.99
RIOTORO,Aurox White,MR-800XPW,,10000,8,Wired,White,4.0,4,41.99
RIOTORO,Aurox Black,MR-800XP,,10000,8,Wired,Black,4.0,4,40.99
HXSJ,,T32,Multiple,3600,6,,Grey,5.0,3,26.99
JIEYUTEKS,C-12 Gaming Mice,C-12,Palm,4000,11,Wired,Black,,0,28.99
LUOM,LUOM V5 Wired Gmae Mouse,V5,Palm,4000,6,Wired,Black,5.0,6,14.99
ZELOTES,T60,,Palm,7200,7,Wired,Jet Black,4.0,18,16.99
ZELOTES,Scorpion,T80,Multiple,5500,6,Wired,Black,4.0,1,14.99
GLORIOUS,Model D,GD-BLACK,,12000,6,Wired,Matte Black,5.0,3,78.99
LOGITECH,G400S,910-003589,,4000,8,Wired,Black,5.0,2,69.77
LOGITECH,,G400,,3600,8,Wired,Black,4.0,321,149.0
STEELSERIES,Rival 100,62336,Multiple,4000,6,Wired,Alchemy Gold,4.0,62,45.0
TESORO,Tesoro Sagitta,TS-H6L,Multiple,5000,6,Wired,Black,3.0,5,19.99
COUGAR,,Surpassion,Multiple,7200,,Wired,Black,4.0,61,39.99
STEELSERIES,Rival 100,62341,Multiple,4000,6,Wired,Black,4.0,62,207.24
IOGEAR,KORONA,GME631,,5000,7,Wired,Black,,0,32.99
HYPERX,,HX-MC005B,Multiple,16000,11,Wired,Black,,0,77.99
,,,,4800,6,Wired,,,0,45.17
LOGITECH,,G300,,2500,9,,Black,,0,39.88
,,,,12000,8,Wired,Black,,0,109.99
ZELOTES,,F-12,Multiple,2400,6,Wireless,Black,,0,14.99
IMICE,V6 Gaming Mice,V6,Palm,3200,6,Wired,White,,0,14.99
ZELOTES,,F-12,Multiple,2400,6,Wireless,Black,,0,14.99
LUOM,KX58,KX58,Palm,3500,6,Wired,Black,,0,13.99
ZELOTES,Scorpion,T80,Multiple,5500,6,Wired,Black,,0,11.99
JIEYUTEKS,X8 Gaming mice,X8,Palm,1600,6,Wired,Black,,0,10.99
FREE WOLF,,V5,,4000,6,Wired,Black,,0,14.99
JIEYUTEKS,T80 Gaming Mice,T80,Palm,5500,7,Wired,Black,,0,14.99
HYPERX,Pulsefire FPS,HX-MC003B,,3200,6,Wired,Black,,0,49.9
COXBRIGHT,A885,GT25-37768999,,5500,6,Wired,Black,3.0,2,8.99
ESTONE,V6 Game mouse,V6,Palm,4800,6,Wired,White,,0,11.99
WANMINGTEK,Freewolf V5 Wired Gmae Mouse,V5,Palm,4000,6,Wired,White,3.0,2,15.99
ZELOTES,,,Multiple,3200,7,Wireless,Black,,0,24.99
ZELOTES,ZELOTES T80-X Backlight 5500 DPI 7 Button Mouse Gamer Gaming Multi Color LED Optical USB Wired Gaming Mouse,T80-X,Multiple,5500,7,Wired,Black,,0,14.99
FREE WOLF,,V5,Multiple,4000,6,Wired,Black,,0,13.99
WANMINGTEK,Freewolf V5 Wired Gmae Mouse,V5,Palm,4000,6,Wired,Black,3.0,2,14.99
STEELSERIES,Rival 100,62339,Multiple,4000,6,Wired,Gaia Green,4.0,62,39.75
CORSAIR,M65 RGB ELITE,CH-9309111-NA,,18000,8,Wired,White,,0,83.99
ZELOTES,,,Multiple,3200,7,Wireless,Black,5.0,2,24.99
ZERODATE,,X300GY,Multiple,3200,7,,Black,2.0,3,25.99
HXSJ,"2.4G Wireless Gaming Mouse with 7-Button Programmable, 7-Colorful Breathing Backlit,, 4800 DPI High Precision Optical Sensor, 1200mAh Rechargeable Charging",T88,,4800,7,Wireless,Black,,0,21.99
STEELSERIES,Rival 100,62337,Multiple,4000,6,Wired,Forged Red,4.0,62,58.39
MAD CATZ,R.A.T. 8+,MR05DCAMWH00,Multiple,16000,11,Wired,White,,0,86.78
COOLER MASTER,MasterMouse MM520,SGM-2007-KLON1,Claw,12000,6,Wired,Black,4.0,12,44.99
ASUS,STRIX CLAW,90YH00C1-BAUA00,Claw,5000,,Wired,Black,3.0,9,31.99
IMICE,V8 Game mouse,V8,Palm,1600,6,Wired,Black,,0,16.99
ZELOTES,,,Multiple,2500,9,Wireless,Black,,0,24.99
,,,Multiple,16000,7,Wired,,,0,59.99
AULA,Wired Gaming Mouse,F808,Multiple,4200,10,Wired,Black,,0,35.99
LOGITECH,,G500,,5700,10,Wired,,,0,169.99
LOGITECH,G502,910-004615,Fingertip,12000,11,Wired,Black,,0,119.99
ZELOTES,,,Multiple,4000,12,Wired,Black,5.0,2,28.99
CORSAIR,M65 RGB ELITE,CH-9309111-NA,Claw,18000,9,Wired,White,,0,80.99
GIGABYTE,,GM-AORUS M3,,6400,,Wired,Black,,0,46.55
MAGEGEE,Wired gaming mouse,G10,,3200,7,Wired,Pink,,0,12.99
,,,,3200,3,Wired,White,,0,14.99
,,,,3600,8,Wireless,Black,,0,23.99
ZALMAN,,FG1000,,2000,6,Wired,Black,3.0,170,149.98
FREE WOLF,Free wolf,X13,Multiple,2400,6,Wireless,Black,,0,28.99
FREE WOLF,Free wolf,X13,Multiple,2400,6,Wireless,Black/White,,0,28.99
GIGABYTE,AORUS M5,GM-AORUS M5,Multiple,16000,,Wired,Matte Black,,0,84.08
,Crack Pattern Wired  Gaming Mouse Black,,,5500,,,,,0,9.99
,,,,,6,Wired,Black,1.0,1,35.87
,,,,12000,8,Wired,Black,,0,85.99
,,,,12000,8,Wired,Black,,0,109.99
ALIENWARE,,AW510M,,16000,10,Wired,Black,,0,110.0
ZELOTES,,F-12,Multiple,2400,6,Wireless,Black,,0,14.99
ZELOTES,,,Multiple,2500,9,Wireless,Black,,0,24.99
ZELOTES,T80-X game mouse,T80-X,Multiple,5500,7,Wired,Black,,0,11.99
ZELOTES,Scorpion,T80,Multiple,5500,6,Wired,Black,,0,14.99
ZELOTES,,,Multiple,5500,7,Wired,Black,,0,14.99
HXSJ,"2.4G Wireless Gaming Mouse with 7-Button Programmable, 7-Colorful Breathing Backlit,, 4800 DPI High Precision Optical Sensor, 1200mAh Rechargeable Charging",T88,,4800,7,Wireless,Black,2.0,1,19.99
IMICE,Wired Gaming Mouse V8,V8,Multiple,4000,6,Wired,Black,,0,23.99
ZELOTES,,,Multiple,3200,7,Wireless,Black,,0,23.99
RAJFOO,Crazy Scorpion,Crazy Scorpion,Palm,3200,6,Wired,Black,,0,18.99
TT ESPORTS,NEMESIS Switch,MO-NMS-WDOOBK-01,Multiple,12000,16,Wired,Black,4.0,45,49.99
ASUS,ROG Gladius II Wireless,90MP00Z0-B0UA00,,16000,6,Wireless,Black,5.0,5,110.99
LOGITECH,G703,910-005251,Multiple,12000,,Wireless,Black,5.0,1,109.99
ESTONE,X8 gaming mouse,x8,Multiple,3200,6,Wired,Black,4.0,1,16.99
LUOM,X5,X5,Multiple,3200,6,Wired,Black,,0,13.99
RAJFOO,Crazy Scorpion,Crazy Scorpion,Multiple,3200,6,Wired,Black,,0,16.99
FREE WOLF,,V5,,4000,6,Wired,White,,0,13.99
,,,,,,,Black,,0,21.99
IMICE,V6 Gaming mouse,V6 Gaming mouse,Multiple,4800,6,Wired,White,,0,13.99
LOGITECH,G603,910-005099,,12000,,Wireless,Black,,0,79.99
AZIO,,GM-Aventa-01,,6400,,Wired,Black,,0,121.0
LOGITECH,G400,,,3600,8,Wired,Black,,0,84.98
FREE WOLF,,V5,,4000,6,Wired,Black,,0,14.99
WEIMISEN,KEPOS,Hardware macros,Multiple,4800,8,Wired,Blue,,0,19.99
ENHANCE,Scoria,ENSCMSU100BKEW,Multiple,14400,7,Wired,Black,,0,24.99
MAGEGEE,Wired gaming mouse,G10,,3200,7,Wired,Silver,,0,12.99
MAGEGEE,Wireless mouse,V20,,1200,3,Wireless,Blue,,0,12.99
MAGEGEE,Wireless mouse,V20,,1200,3,Wireless,Pink,,0,12.99
XTRFY,M4 RGB,38011,,16000,,Wired,,,0,112.99
AULA,Wired Gaming Mouse,H512,Multiple,10000,12,Wired,Black,,0,39.99
AULA,Wired Gaming Mouse,S20,Multiple,2400,6,Wired,Black,,0,18.99
AULA,Wireless Gaming Mouse,SC300,Multiple,1200,6,Wireless,Metallic Gray,,0,31.99
HP,OMEN,2VP02AA,,,,Wired,Black,,0,114.76
LOGITECH,G703,910-005091,Multiple,12000,6,Wireless,Black,,0,149.99
LOGITECH,G603,910-005099,,12000,,Wireless,Black,,0,92.99
ZELOTES,,,Multiple,5500,7,Wired,Black,,0,13.99
FREE WOLF,,V5,,4000,6,Wired,White,,0,14.99
ZELOTES,,,Multiple,3200,7,Wireless,Black,,0,22.99
RAJFOO,Crazy Scorpion,Crazy Scorpion,Palm,3200,6,Wired,Black,,0,18.99
ZELOTES,,F-12,Multiple,2400,6,Wireless,Black,1.0,1,14.99
WEIMISEN,KEPOS,Hardware macros,Multiple,4800,8,Wired,Yellow,,0,19.99
A4TECH,,ZL50,,8200,11,Wired,Black,,0,69.99
ZELOTES,,F-12,Multiple,2400,6,Wireless,Black,,0,14.99
ZELOTES,Scorpion,T80,Multiple,5500,6,Wired,Black,,0,13.99
ZELOTES,Scorpion,T80,Multiple,5500,6,Wired,Black,,0,13.99
ZELOTES,,,Multiple,4000,12,Wired,Black,5.0,1,28.99
,,,,3200,3,Wired,Black,,0,14.99
IMICE,X8 USB Wired Gaming Mouse,X8,Multiple,3200,6,Wired,Black,,0,14.99
ZELOTES,,,Multiple,5500,7,Wired,,,0,14.99
IMICE,V6 Gaming mouse,V6 Gaming mouse,Multiple,4800,6,Wired,White,,0,13.99
RAJFOO,Crazy Scorpion,Crazy Scorpion,Multiple,3200,6,Wired,Black,,0,16.99
IMICE,Wired Gaming Mouse V8,C8,Multiple,4000,6,Wired,White,,0,22.99
IMICE,V6 Gaming mouse,V6 Gaming mouse,Multiple,4800,6,Wired,White,,0,13.99
LUOM,X5,X5,Multiple,3200,6,Wired,Black,,0,13.99
IMICE,Wired Gaming Mouse V8,V8,Multiple,4000,6,Wired,White,,0,23.99
IMICE,V6 Gaming mouse,V6 Gaming mouse,Multiple,4800,6,Wired,White,,0,13.99
RAJFOO,Mad scorpion,X6,Multiple,3200,6,Wired,Black,,0,18.99
FREE WOLF,,V5,,4000,6,Wired,Black,,0,13.99
ESTONE,V8 game mouse,V8,Multiple,4000,6,Wired,White,,0,23.99
JIEYUTEKS,V8 Gaming Mice,V8,Palm,4000,6,Wired,White,,0,15.99
IMICE,Wired Gaming Mouse V8,V8,Multiple,4000,6,Wired,White,,0,22.99
IMICE,X8 USB Wired Gaming Mouse,X8,Multiple,3200,6,Wired,Black,,0,14.99
RAJFOO,Mad scorpion,X6,Multiple,3200,6,Wired,Black,,0,18.99
HXSJ,"2.4G Wireless Gaming Mouse with 7-Button Programmable, 7-Colorful Breathing Backlit,, 4800 DPI High Precision Optical Sensor, 1200mAh Rechargeable Charging",T88,,4800,7,Wireless,Black,,0,21.99
LUOM,F12 game mouse,F12,Palm,3200,6,Wired,Black,,0,13.99
IMICE,Wired Gaming Mouse V8,V8,Multiple,4000,6,Wired,White,,0,23.99
RAJFOO,Mad scorpion,X6,Multiple,3200,6,Wired,Black,,0,18.99
ZELOTES,F15 gaming mouse,F15,Multiple,2500,9,Wired,Black,,0,24.99
LUOM,X5,X5,Multiple,3200,6,Wired,Black,,0,13.99
FREE WOLF,,V5,,4000,6,Wired,White,,0,14.99
,,,,,,,Black,,0,21.99
LUOM,X5,X5,Multiple,3200,6,Wired,Black,,0,13.99
ZELOTES,,F-12,Multiple,2400,6,Wireless,Black,1.0,1,14.99
IMICE,Wired Gaming Mouse V8,V8,Multiple,4000,6,Wired,Black,,0,23.99
IMICE,V6 Gaming mouse,V6 Gaming mouse,Multiple,4800,6,Wired,White,,0,14.99
LUOM,X5,X5,Multiple,3200,6,Wired,Black,,0,13.99
HXSJ,"2.4G Wireless Gaming Mouse with 7-Button Programmable, 7-Colorful Breathing Backlit,, 4800 DPI High Precision Optical Sensor, 1200mAh Rechargeable Charging",T88,,4800,7,Wireless,Black,,0,21.99
ZELOTES,,,Multiple,2500,9,Wireless,Black,,0,24.99
RAJFOO,Crazy Scorpion,Crazy Scorpion,Multiple,3200,6,Wired,Black,,0,16.99
IMICE,V6 Gaming mouse,V6 Gaming mouse,Multiple,4800,6,Wired,White,,0,14.99
RAZER,"Razer Lancehead TE Ambidextrous Gaming Mouse: 16,000 DPI Optical Sensor - Chroma RGB Lighting - 8 Programmable Buttons - Mechanical Switches - Quartz Pink",RZ01-02130400-R3M1,Multiple,16000,6,Wired,Quartz,,0,105.48
HP,OMEN Mouse 600,1KF75AA#ABL,,12000,6,Wired,Black,5.0,3,56.69
ASUS,ROG Spatha,90MP00A1-B0UA00,Multiple,8200,12,Wireless,Black,4.0,156,159.99
ROSEWILL,,NEON M63,Multiple,10000,,Wired,Black,4.0,270,20.99
ROSEWILL,,ION D21,,4000,6,Wired,White,4.0,18,15.99
ROSEWILL,,NEON M59,Multiple,10000,6,Wired,Black,4.0,270,18.99
A4TECH,,XL-760BL,,3600,7,Wired,Blue,4.0,3,27.99
RAZER,Mamba + Firefly,RZ83-02480100-B3U1,,16000,,Wireless,Black,4.0,4,236.99
ENDGAME GEAR,XM1,EGG-XM1-BLK,Multiple,16000,5,Wired,Black,4.0,22,39.99
,,,,,7,Wired,Black,,0,39.99
AULA,,AULA SC200,,,,Wired,Black,,0,18.99
AULA,Wired Gaming Mouse,F810,Multiple,6400,6,Wired,Black,,0,29.59
,,GM-702,,3200,7,Wired,Black,,0,19.98
AULA,Wired Gaming Mouse,F809,Multiple,3200,7,Wired,Black,,0,24.99
AULA,Wired Gaming Mouse,S18,Multiple,6400,7,Wired,Black,,0,21.99
,,,,3200,7,Wired,,,0,18.96
GIGABYTE,M6900,GM-M6900A,,3200,7,Wired,Metallic Black,,0,32.2
ZOWIE GEAR,,FK1+-B,Multiple,3200,5,Wired,DIVINA Blue,,0,65.99
MAGEGEE,Wired gaming mouse,G10,,3200,7,Wired,Black,,0,12.99
AULA,Wired Gaming Mouse,F805,Multiple,6400,7,Wired,Black,,0,25.99
,,,,3200,7,Wired,,,0,17.99
ZOWIE GEAR,,ZA11-B,Multiple,3200,5,Wired,Black,,0,65.99
,,,,3200,7,Wired,Black,,0,29.99
ZOWIE GEAR,,ZA13-B,Multiple,3200,5,Wired,Black,,0,65.99
ZOWIE GEAR,,ZA12-B,Multiple,3200,5,Wired,Black,,0,65.99
IMICE,V8 Programmable Gmae Mouse,V8,Palm,4000,6,Wired,White,,0,21.99
LOGITECH,,910-005447,,4000,4,Wireless,,,0,115.21
LUOM,X5,X5,,3200,6,Wired,Black,,0,13.99
RAJFOO,Crazy Scorpion,Crazy Scorpion,Multiple,3200,6,Wired,Black,,0,16.99
ESTONE,V6 game mouse,V6,Palm,4800,6,Wired,White,,0,13.99
LOGITECH,G703,910-005091,Multiple,12000,6,Wireless,Black,4.0,333,95.77
GLORIOUS,Model O Minus,GOM-GBLACK,Multiple,12000,6,Wired,Glossy Black,4.0,21,145.99
RAZER,,,,16000,19,Wired,Black,4.0,12,99.66
STEELSERIES,Rival 3,62513,Multiple,,6,Wired,Black,5.0,1,59.95
COOLER MASTER,MasterMouse MM710,MM-710-KKOL1,Multiple,16000,6,Wired,Glossy Black,5.0,1,29.99
RAZER,DeathAdder 2013 Essential,RZ01-00840100-R3U1,,6400,5,Wired,Matte Black,4.0,16,25.46
MAD CATZ,R.A.T Pro S3,MR03DCAMBL00,,7200,8,Wired,Black,4.0,26,52.35
TROPRO,Gaming Mice,GM002,,2400,7,Wired,Black,5.0,18,26.99
RAZER,Razer DeathAdder v2,RZ01-03210100-R3U1,,20000,8,Wired,Black,4.0,642,68.53
ENDGAME GEAR,XM1,EGG-XM1RGB-BLK,Multiple,16000,5,Wired,Black,4.0,22,69.99
ASUS,ROG GLADIUS II CORE,90MP01D0-B0UA00,Multiple,6200,6,Wired,Black,5.0,3,46.99
ENDGAME GEAR,XM1,EGG-XM1RGB-WHT,Multiple,16000,5,Wired,White,4.0,22,69.99
LOGITECH,G603,910-005099,,12000,6,Wireless,Black,4.0,333,58.99
ROSEWILL,,NEON M54,Multiple,7200,8,Wired,Black,4.0,270,19.99
LOGITECH,G602,910-003820,Multiple,2500,11,Wireless,Black,4.0,333,94.98
COOLER MASTER,MasterMouse MM711,MM-711-WWOL2,Multiple,16000,6,Wired,Matte White,5.0,1,39.99
GLORIOUS,Model O Minus,GOM-WHITE,Multiple,12000,6,Wired,Matte White,4.0,21,79.99
CORSAIR,SCIMITAR RGB ELITE,CH-9304211-NA,,18000,17,Wired,Black,4.0,19,82.99
RAZER,DeathAdder Chroma,RZ01-01210100-R3U1,,10000,5,Wired,Black,4.0,642,38.98
LOGITECH,G502 HERO,910-005469,,16000,11,Wired,Black,4.0,145,39.99
ENDGAME GEAR,XM1,EGG-XM1-WHT,Multiple,16000,5,Wired,White,4.0,22,39.99
MSI,,Clutch GM50,,7200,6,Wired,Black,4.0,3,54.99
CORSAIR,M65 RGB ELITE,CH-9309011-NA,Claw,18000,8,Wired,Black,4.0,200,52.99
CORSAIR,HARPOON RGB PRO,CH-9301111-NA,,12000,6,Wired,Black,4.0,10,29.99
CORSAIR,M65 RGB ELITE,CH-9309111-NA,Claw,18000,9,Wired,White,4.0,200,59.99
CORSAIR,DARK CORE RGB PRO,CH-9315411-NA,Palm,18000,8,Wireless,Black,4.0,21,79.99
